,BenchMarkName
0,2018_07_01_040000
1,2018_07_03_040000
2,2018_07_03_102600
3,2018_07_03_103900
4,2018_07_03_132900
5,2018_07_04_040000
6,2018_07_04_103800
7,2018_07_04_140600
8,2018_07_05_040000
9,2018_07_05_131700
10,2018_07_06_040000
11,2018_07_06_081200
12,2018_07_10_040000
13,2018_07_10_082500
14,2018_07_10_121400
15,2018_07_10_142900
16,2018_07_11_040000
17,2018_07_11_084900
18,2018_07_11_090600
19,2018_07_11_130600
20,2018_07_11_140000
21,2018_07_11_152400
22,2018_07_13_040000
23,2018_07_13_080200
24,2018_07_13_092300
25,2018_07_13_144100
26,2018_07_16_040000
27,2018_07_16_091700
28,2018_07_16_131400
29,2018_07_17_040000
30,2018_07_17_121000
31,2018_07_17_121200
32,2018_07_17_132600
33,2018_07_17_151700
34,2018_07_18_040000
35,2018_07_18_051500
36,2018_07_18_100300
37,2018_07_19_040000
38,2018_07_19_111000
39,2018_07_23_040000
40,2018_07_23_113400
41,2018_07_24_040000
42,2018_07_24_080200
43,2018_07_24_111000
44,2018_07_24_120700
45,2018_07_25_040000
46,2018_07_25_080100
47,2018_07_25_094800
48,2018_07_25_095100
49,2018_07_25_100544
50,2018_07_25_100800
51,2018_07_25_102700
52,2018_07_25_150500
53,2018_07_26_040000
54,2018_07_27_040000
55,2018_07_27_121300
56,2018_07_27_124300
57,2018_07_27_140700
58,2018_07_27_150000
59,2018_07_30_040000
